10.74.35.50/8,2020-10-19 13:01:27,2020-10-19 13:01:41,14
10.185.70.167/8,2020-10-19 13:00:21,2020-10-19 13:01:48,87
10.65.104.169/8,2020-10-19 13:01:02,2020-10-19 13:02:04,62
192.168.246.130/16,2020-10-19 13:01:49,2020-10-19 13:03:09,80
10.70.140.181/8,2020-10-19 13:02:52,2020-10-19 13:03:51,59
192.168.246.130/16,2020-10-19 13:04:32,2020-10-19 13:05:40,68
10.74.35.50/8,2020-10-19 13:01:46,2020-10-19 13:05:44,238
10.91.15.77/8,2020-10-19 13:04:54,2020-10-19 13:06:00,66
10.175.93.103/8,2020-10-19 13:03:46,2020-10-19 13:06:24,158
10.60.135.163/8,2020-10-19 13:06:03,2020-10-19 13:06:57,54
10.185.70.167/8,2020-10-19 13:02:43,2020-10-19 13:07:27,284
10.240.19.230/8,2020-10-19 13:06:47,2020-10-19 13:07:47,60
192.168.246.130/16,2020-10-19 13:07:32,2020-10-19 13:08:28,56
10.65.104.169/8,2020-10-19 13:07:10,2020-10-19 13:08:46,96
10.60.135.163/8,2020-10-19 13:07:42,2020-10-19 13:09:01,79
192.168.16.43/16,2020-10-19 13:08:26,2020-10-19 13:09:04,38
10.185.70.167/8,2020-10-19 13:09:34,2020-10-19 13:10:03,29
10.240.19.230/8,2020-10-19 13:07:50,2020-10-19 13:10:11,141
10.70.140.181/8,2020-10-19 13:08:23,2020-10-19 13:10:18,115
10.65.104.169/8,2020-10-19 13:10:20,2020-10-19 13:10:22,2
10.185.70.167/8,2020-10-19 13:11:05,2020-10-19 13:11:24,19
192.168.246.130/16,2020-10-19 13:09:55,2020-10-19 13:11:39,104
10.240.19.230/8,2020-10-19 13:10:51,2020-10-19 13:12:48,117
10.91.15.77/8,2020-10-19 13:12:39,2020-10-19 13:13:05,26
10.240.19.230/8,2020-10-19 13:13:10,2020-10-19 13:13:16,6
10.74.35.50/8,2020-10-19 13:06:26,2020-10-19 13:13:24,418
10.74.35.50/8,2020-10-19 13:13:47,2020-10-19 13:14:02,15
192.168.16.43/16,2020-10-19 13:13:13,2020-10-19 13:15:47,154
10.175.93.103/8,2020-10-19 13:10:24,2020-10-19 13:16:29,365
10.185.70.167/8,2020-10-19 13:14:15,2020-10-19 13:16:34,139
10.70.140.181/8,2020-10-19 13:16:38,2020-10-19 13:17:33,55
10.91.15.77/8,2020-10-19 13:15:05,2020-10-19 13:18:01,176
10.60.135.163/8,2020-10-19 13:13:08,2020-10-19 13:18:08,300
10.60.135.163/8,2020-10-19 13:18:38,2020-10-19 13:19:18,40
10.91.15.77/8,2020-10-19 13:18:23,2020-10-19 13:19:31,68
10.74.35.50/8,2020-10-19 13:19:10,2020-10-19 13:19:32,22
10.74.35.50/8,2020-10-19 13:20:01,2020-10-19 13:20:02,1
10.175.93.103/8,2020-10-19 13:17:00,2020-10-19 13:20:31,211
10.65.104.169/8,2020-10-19 13:14:35,2020-10-19 13:21:37,422
10.240.19.230/8,2020-10-19 13:16:12,2020-10-19 13:22:17,365
192.168.16.43/16,2020-10-19 13:17:36,2020-10-19 13:22:36,300
192.168.246.130/16,2020-10-19 13:22:58,2020-10-19 13:23:47,49
10.185.70.167/8,2020-10-19 13:23:13,2020-10-19 13:24:06,53
10.70.140.181/8,2020-10-19 13:23:22,2020-10-19 13:24:20,58
192.168.246.130/16,2020-10-19 13:25:42,2020-10-19 13:25:44,2
10.175.93.103/8,2020-10-19 13:23:53,2020-10-19 13:26:18,145
10.240.19.230/8,2020-10-19 13:24:56,2020-10-19 13:26:36,100
10.65.104.169/8,2020-10-19 13:25:32,2020-10-19 13:26:58,86
10.91.15.77/8,2020-10-19 13:23:45,2020-10-19 13:27:48,243
10.91.15.77/8,2020-10-19 13:28:09,2020-10-19 13:28:12,3
10.74.35.50/8,2020-10-19 13:20:04,2020-10-19 13:28:56,532
10.175.93.103/8,2020-10-19 13:27:18,2020-10-19 13:29:02,104
10.185.70.167/8,2020-10-19 13:25:15,2020-10-19 13:29:30,255
10.60.135.163/8,2020-10-19 13:23:30,2020-10-19 13:29:32,362
10.240.19.230/8,2020-10-19 13:28:38,2020-10-19 13:29:51,73
192.168.246.130/16,2020-10-19 13:26:19,2020-10-19 13:31:00,281
10.175.93.103/8,2020-10-19 13:30:39,2020-10-19 13:31:13,34
10.65.104.169/8,2020-10-19 13:31:24,2020-10-19 13:31:32,8
192.168.246.130/16,2020-10-19 13:31:10,2020-10-19 13:31:43,33
10.60.135.163/8,2020-10-19 13:29:58,2020-10-19 13:31:45,107
192.168.16.43/16,2020-10-19 13:30:27,2020-10-19 13:32:04,97
10.60.135.163/8,2020-10-19 13:32:45,2020-10-19 13:33:17,32
192.168.16.43/16,2020-10-19 13:32:15,2020-10-19 13:33:41,86
10.65.104.169/8,2020-10-19 13:33:43,2020-10-19 13:34:33,50
10.74.35.50/8,2020-10-19 13:32:55,2020-10-19 13:34:40,105
10.175.93.103/8,2020-10-19 13:33:39,2020-10-19 13:35:02,83
10.70.140.181/8,2020-10-19 13:26:24,2020-10-19 13:35:18,534
10.185.70.167/8,2020-10-19 13:34:40,2020-10-19 13:35:37,57
10.175.93.103/8,2020-10-19 13:35:12,2020-10-19 13:35:46,34
192.168.16.43/16,2020-10-19 13:34:38,2020-10-19 13:36:11,93
10.91.15.77/8,2020-10-19 13:31:34,2020-10-19 13:36:17,283
10.175.93.103/8,2020-10-19 13:36:20,2020-10-19 13:36:36,16
192.168.246.130/16,2020-10-19 13:37:09,2020-10-19 13:37:40,31
10.74.35.50/8,2020-10-19 13:34:59,2020-10-19 13:37:53,174
10.70.140.181/8,2020-10-19 13:36:11,2020-10-19 13:39:00,169
10.185.70.167/8,2020-10-19 13:38:30,2020-10-19 13:39:17,47
10.65.104.169/8,2020-10-19 13:38:26,2020-10-19 13:39:41,75
10.185.70.167/8,2020-10-19 13:39:48,2020-10-19 13:40:20,32
10.74.35.50/8,2020-10-19 13:39:21,2020-10-19 13:40:36,75
10.240.19.230/8,2020-10-19 13:31:57,2020-10-19 13:40:48,531
192.168.246.130/16,2020-10-19 13:40:15,2020-10-19 13:40:58,43
10.91.15.77/8,2020-10-19 13:36:45,2020-10-19 13:41:21,276
10.70.140.181/8,2020-10-19 13:40:57,2020-10-19 13:41:26,29
192.168.246.130/16,2020-10-19 13:42:04,2020-10-19 13:43:03,59
10.240.19.230/8,2020-10-19 13:43:24,2020-10-19 13:44:29,65
192.168.246.130/16,2020-10-19 13:44:13,2020-10-19 13:45:07,54
10.70.140.181/8,2020-10-19 13:45:34,2020-10-19 13:46:18,44
10.240.19.230/8,2020-10-19 13:45:25,2020-10-19 13:46:44,79
10.65.104.169/8,2020-10-19 13:46:04,2020-10-19 13:47:05,61
192.168.246.130/16,2020-10-19 13:46:02,2020-10-19 13:48:07,125
10.74.35.50/8,2020-10-19 13:45:28,2020-10-19 13:48:50,202
192.168.16.43/16,2020-10-19 13:46:24,2020-10-19 13:49:06,162
10.65.104.169/8,2020-10-19 13:48:57,2020-10-19 13:49:11,14
10.91.15.77/8,2020-10-19 13:49:12,2020-10-19 13:49:13,1
10.175.93.103/8,2020-10-19 13:47:09,2020-10-19 13:49:22,133
10.185.70.167/8,2020-10-19 13:45:38,2020-10-19 13:49:25,227
10.60.135.163/8,2020-10-19 13:50:00,2020-10-19 13:50:22,22
192.168.16.43/16,2020-10-19 13:49:41,2020-10-19 13:50:22,41
10.91.15.77/8,2020-10-19 13:49:26,2020-10-19 13:50:27,61
10.91.15.77/8,2020-10-19 13:50:44,2020-10-19 13:50:48,4
10.70.140.181/8,2020-10-19 13:47:09,2020-10-19 13:50:54,225
10.65.104.169/8,2020-10-19 13:50:34,2020-10-19 13:50:57,23
10.175.93.103/8,2020-10-19 13:50:50,2020-10-19 13:51:24,34
10.175.93.103/8,2020-10-19 13:51:28,2020-10-19 13:51:47,19
10.65.104.169/8,2020-10-19 13:52:44,2020-10-19 13:53:10,26
10.240.19.230/8,2020-10-19 13:49:30,2020-10-19 13:53:21,231
10.185.70.167/8,2020-10-19 13:52:04,2020-10-19 13:53:25,81
10.185.70.167/8,2020-10-19 13:53:36,2020-10-19 13:53:42,6
10.74.35.50/8,2020-10-19 13:52:48,2020-10-19 13:53:49,61
192.168.246.130/16,2020-10-19 13:52:00,2020-10-19 13:54:33,153
10.175.93.103/8,2020-10-19 13:52:47,2020-10-19 13:55:02,135
10.74.35.50/8,2020-10-19 13:54:46,2020-10-19 13:55:16,30
10.60.135.163/8,2020-10-19 13:53:16,2020-10-19 13:55:21,125
192.168.16.43/16,2020-10-19 13:52:55,2020-10-19 13:55:53,178
10.185.70.167/8,2020-10-19 13:56:57,2020-10-19 13:57:08,11
10.70.140.181/8,2020-10-19 13:54:41,2020-10-19 13:57:27,166
192.168.16.43/16,2020-10-19 13:57:01,2020-10-19 13:57:39,38
10.240.19.230/8,2020-10-19 13:58:03,2020-10-19 13:58:03,0
10.74.35.50/8,2020-10-19 13:55:22,2020-10-19 13:58:23,181
10.185.70.167/8,2020-10-19 13:57:29,2020-10-19 13:58:47,78
10.60.135.163/8,2020-10-19 13:59:24,2020-10-19 13:59:48,24
10.240.19.230/8,2020-10-19 13:59:30,2020-10-19 14:00:19,49
10.65.104.169/8,2020-10-19 13:55:10,2020-10-19 14:00:42,332
10.91.15.77/8,2020-10-19 13:57:53,2020-10-19 14:02:01,248
10.240.19.230/8,2020-10-19 14:01:59,2020-10-19 14:02:12,13
10.74.35.50/8,2020-10-19 14:02:35,2020-10-19 14:02:50,15
192.168.246.130/16,2020-10-19 13:55:37,2020-10-19 14:03:21,464
10.65.104.169/8,2020-10-19 14:02:30,2020-10-19 14:03:30,60
10.175.93.103/8,2020-10-19 14:01:27,2020-10-19 14:04:57,210
10.60.135.163/8,2020-10-19 14:03:09,2020-10-19 14:05:27,138
10.91.15.77/8,2020-10-19 14:05:46,2020-10-19 14:06:08,22
192.168.16.43/16,2020-10-19 14:05:18,2020-10-19 14:06:36,78
192.168.246.130/16,2020-10-19 14:04:01,2020-10-19 14:07:12,191
10.74.35.50/8,2020-10-19 14:06:36,2020-10-19 14:07:47,71
10.175.93.103/8,2020-10-19 14:06:52,2020-10-19 14:08:15,83
192.168.16.43/16,2020-10-19 14:07:41,2020-10-19 14:08:16,35
10.240.19.230/8,2020-10-19 14:03:37,2020-10-19 14:08:17,280
10.185.70.167/8,2020-10-19 14:07:00,2020-10-19 14:08:30,90
10.70.140.181/8,2020-10-19 13:59:57,2020-10-19 14:09:48,591
10.60.135.163/8,2020-10-19 14:10:00,2020-10-19 14:10:28,28
192.168.246.130/16,2020-10-19 14:10:59,2020-10-19 14:10:59,0
10.91.15.77/8,2020-10-19 14:09:18,2020-10-19 14:11:15,117
10.175.93.103/8,2020-10-19 14:11:18,2020-10-19 14:11:41,23
10.60.135.163/8,2020-10-19 14:11:52,2020-10-19 14:12:01,9
192.168.16.43/16,2020-10-19 14:09:47,2020-10-19 14:12:06,139
10.175.93.103/8,2020-10-19 14:11:48,2020-10-19 14:12:38,50
10.74.35.50/8,2020-10-19 14:08:24,2020-10-19 14:13:18,294
192.168.16.43/16,2020-10-19 14:13:14,2020-10-19 14:13:19,5
192.168.246.130/16,2020-10-19 14:12:31,2020-10-19 14:14:03,92
10.70.140.181/8,2020-10-19 14:11:49,2020-10-19 14:14:25,156
10.240.19.230/8,2020-10-19 14:14:35,2020-10-19 14:15:17,42
10.65.104.169/8,2020-10-19 14:14:04,2020-10-19 14:15:51,107
10.70.140.181/8,2020-10-19 14:14:44,2020-10-19 14:15:56,72
10.185.70.167/8,2020-10-19 14:12:39,2020-10-19 14:16:01,202
192.168.16.43/16,2020-10-19 14:16:58,2020-10-19 14:17:22,24
10.70.140.181/8,2020-10-19 14:18:08,2020-10-19 14:18:12,4
10.60.135.163/8,2020-10-19 14:13:29,2020-10-19 14:18:29,300
10.240.19.230/8,2020-10-19 14:16:26,2020-10-19 14:18:50,144
10.91.15.77/8,2020-10-19 14:17:51,2020-10-19 14:19:19,88
10.175.93.103/8,2020-10-19 14:13:50,2020-10-19 14:19:43,353
10.60.135.163/8,2020-10-19 14:19:32,2020-10-19 14:19:59,27
10.240.19.230/8,2020-10-19 14:19:22,2020-10-19 14:20:43,81
10.74.35.50/8,2020-10-19 14:18:37,2020-10-19 14:21:02,145
10.70.140.181/8,2020-10-19 14:19:03,2020-10-19 14:21:22,139
10.175.93.103/8,2020-10-19 14:21:17,2020-10-19 14:21:28,11
10.65.104.169/8,2020-10-19 14:21:27,2020-10-19 14:21:44,17
192.168.246.130/16,2020-10-19 14:19:19,2020-10-19 14:23:13,234
192.168.16.43/16,2020-10-19 14:18:32,2020-10-19 14:23:35,303
10.175.93.103/8,2020-10-19 14:23:21,2020-10-19 14:24:06,45
192.168.246.130/16,2020-10-19 14:24:13,2020-10-19 14:24:23,10
10.70.140.181/8,2020-10-19 14:23:05,2020-10-19 14:24:59,114
10.185.70.167/8,2020-10-19 14:16:32,2020-10-19 14:25:03,511
10.65.104.169/8,2020-10-19 14:23:14,2020-10-19 14:26:15,181
10.185.70.167/8,2020-10-19 14:25:11,2020-10-19 14:26:27,76
10.185.70.167/8,2020-10-19 14:26:37,2020-10-19 14:27:12,35
10.60.135.163/8,2020-10-19 14:20:08,2020-10-19 14:27:18,430
10.240.19.230/8,2020-10-19 14:25:12,2020-10-19 14:27:31,139
10.74.35.50/8,2020-10-19 14:21:58,2020-10-19 14:27:35,337
10.91.15.77/8,2020-10-19 14:25:59,2020-10-19 14:28:03,124
192.168.16.43/16,2020-10-19 14:27:05,2020-10-19 14:28:24,79
10.74.35.50/8,2020-10-19 14:28:26,2020-10-19 14:29:20,54
10.60.135.163/8,2020-10-19 14:27:26,2020-10-19 14:29:53,147
10.70.140.181/8,2020-10-19 14:30:16,2020-10-19 14:30:21,5
10.60.135.163/8,2020-10-19 14:30:35,2020-10-19 14:31:26,51
10.74.35.50/8,2020-10-19 14:29:45,2020-10-19 14:31:34,109
10.91.15.77/8,2020-10-19 14:30:12,2020-10-19 14:32:50,158
192.168.246.130/16,2020-10-19 14:27:22,2020-10-19 14:33:02,340
10.175.93.103/8,2020-10-19 14:32:45,2020-10-19 14:34:03,78
10.60.135.163/8,2020-10-19 14:34:07,2020-10-19 14:34:10,3
10.240.19.230/8,2020-10-19 14:32:35,2020-10-19 14:35:52,197
10.91.15.77/8,2020-10-19 14:35:56,2020-10-19 14:36:19,23
10.185.70.167/8,2020-10-19 14:33:43,2020-10-19 14:36:31,168
10.240.19.230/8,2020-10-19 14:35:55,2020-10-19 14:36:37,42
10.65.104.169/8,2020-10-19 14:36:16,2020-10-19 14:36:46,30
10.70.140.181/8,2020-10-19 14:31:40,2020-10-19 14:37:10,330
192.168.246.130/16,2020-10-19 14:35:52,2020-10-19 14:37:25,93
10.60.135.163/8,2020-10-19 14:36:34,2020-10-19 14:37:39,65
10.240.19.230/8,2020-10-19 14:37:03,2020-10-19 14:39:13,130
10.60.135.163/8,2020-10-19 14:39:35,2020-10-19 14:39:35,0
10.70.140.181/8,2020-10-19 14:37:42,2020-10-19 14:39:45,123
10.185.70.167/8,2020-10-19 14:39:40,2020-10-19 14:40:00,20
10.175.93.103/8,2020-10-19 14:38:10,2020-10-19 14:40:37,147
10.65.104.169/8,2020-10-19 14:40:59,2020-10-19 14:41:12,13
192.168.16.43/16,2020-10-19 14:41:00,2020-10-19 14:41:54,54
192.168.246.130/16,2020-10-19 14:41:08,2020-10-19 14:42:14,66
10.65.104.169/8,2020-10-19 14:41:28,2020-10-19 14:43:03,95
192.168.16.43/16,2020-10-19 14:42:26,2020-10-19 14:43:20,54
10.175.93.103/8,2020-10-19 14:42:13,2020-10-19 14:43:36,83
192.168.16.43/16,2020-10-19 14:43:43,2020-10-19 14:43:58,15
192.168.246.130/16,2020-10-19 14:43:34,2020-10-19 14:44:01,27
10.70.140.181/8,2020-10-19 14:40:15,2020-10-19 14:44:23,248
10.185.70.167/8,2020-10-19 14:43:51,2020-10-19 14:45:19,88
192.168.16.43/16,2020-10-19 14:45:18,2020-10-19 14:45:32,14
10.240.19.230/8,2020-10-19 14:42:28,2020-10-19 14:45:41,193
10.91.15.77/8,2020-10-19 14:38:42,2020-10-19 14:45:41,419
10.65.104.169/8,2020-10-19 14:43:14,2020-10-19 14:45:55,161
192.168.246.130/16,2020-10-19 14:46:13,2020-10-19 14:46:15,2
10.185.70.167/8,2020-10-19 14:46:56,2020-10-19 14:47:27,31
10.60.135.163/8,2020-10-19 14:46:16,2020-10-19 14:47:56,100
10.74.35.50/8,2020-10-19 14:48:39,2020-10-19 14:49:25,46
10.185.70.167/8,2020-10-19 14:48:23,2020-10-19 14:49:32,69
10.65.104.169/8,2020-10-19 14:51:09,2020-10-19 14:51:24,15
10.91.15.77/8,2020-10-19 14:48:56,2020-10-19 14:51:33,157
10.74.35.50/8,2020-10-19 14:49:28,2020-10-19 14:52:34,186
10.70.140.181/8,2020-10-19 14:52:39,2020-10-19 14:52:48,9
10.240.19.230/8,2020-10-19 14:48:05,2020-10-19 14:53:03,298
10.91.15.77/8,2020-10-19 14:52:22,2020-10-19 14:53:05,43
10.60.135.163/8,2020-10-19 14:51:23,2020-10-19 14:53:24,121
192.168.16.43/16,2020-10-19 14:47:22,2020-10-19 14:54:17,415
10.240.19.230/8,2020-10-19 14:54:02,2020-10-19 14:54:38,36
10.175.93.103/8,2020-10-19 14:44:03,2020-10-19 14:55:45,702
10.185.70.167/8,2020-10-19 14:50:54,2020-10-19 14:55:51,297
192.168.246.130/16,2020-10-19 14:50:01,2020-10-19 14:56:33,392
10.91.15.77/8,2020-10-19 14:53:55,2020-10-19 14:58:07,252
10.74.35.50/8,2020-10-19 14:55:13,2020-10-19 14:59:03,230
10.175.93.103/8,2020-10-19 14:58:51,2020-10-19 14:59:05,14
10.60.135.163/8,2020-10-19 14:54:47,2020-10-19 14:59:32,285
10.240.19.230/8,2020-10-19 14:59:40,2020-10-19 14:59:51,11
192.168.16.43/16,2020-10-19 14:58:27,2020-10-19 14:59:52,85
