20201019130014,10.60.135.163/8,6
20201019130016,10.65.104.169/8,14
20201019130021,10.185.70.167/8,-
20201019130022,192.168.16.43/16,13
20201019130033,10.91.15.77/8,9
20201019130036,10.60.135.163/8,9
20201019130102,10.65.104.169/8,-
20201019130102,192.168.246.130/16,10
20201019130115,10.60.135.163/8,14
20201019130127,10.74.35.50/8,-
20201019130129,10.70.140.181/8,7
20201019130135,10.74.35.50/8,-
20201019130141,10.74.35.50/8,1
20201019130144,10.240.19.230/8,13
20201019130146,10.175.93.103/8,4
20201019130146,10.74.35.50/8,-
20201019130148,10.185.70.167/8,5
20201019130149,192.168.246.130/16,-
20201019130151,10.74.35.50/8,-
20201019130204,10.65.104.169/8,13
20201019130214,10.60.135.163/8,2
20201019130243,10.185.70.167/8,-
20201019130252,10.70.140.181/8,-
20201019130258,192.168.16.43/16,6
20201019130301,192.168.246.130/16,-
20201019130309,192.168.246.130/16,3
20201019130319,10.65.104.169/8,8
20201019130322,10.60.135.163/8,5
20201019130344,10.175.93.103/8,6
20201019130346,10.175.93.103/8,-
20201019130351,10.70.140.181/8,2
20201019130353,10.240.19.230/8,10
20201019130432,192.168.246.130/16,-
20201019130454,10.91.15.77/8,-
20201019130528,192.168.246.130/16,-
20201019130540,192.168.246.130/16,15
20201019130541,10.65.104.169/8,15
20201019130544,10.74.35.50/8,1
20201019130557,10.185.70.167/8,-
20201019130600,10.91.15.77/8,13
20201019130603,10.60.135.163/8,-
20201019130615,10.70.140.181/8,5
20201019130623,10.74.35.50/8,11
20201019130624,10.175.93.103/8,15
20201019130626,10.74.35.50/8,-
20201019130629,10.60.135.163/8,-
20201019130633,192.168.16.43/16,2
20201019130647,10.240.19.230/8,-
20201019130654,192.168.16.43/16,14
20201019130657,10.60.135.163/8,10
20201019130710,10.65.104.169/8,-
20201019130724,192.168.246.130/16,11
20201019130725,10.60.135.163/8,6
20201019130727,10.185.70.167/8,6
20201019130732,192.168.246.130/16,-
20201019130742,10.60.135.163/8,-
20201019130747,10.240.19.230/8,11
20201019130750,10.240.19.230/8,-
20201019130756,10.74.35.50/8,-
20201019130759,10.185.70.167/8,14
20201019130823,10.70.140.181/8,-
20201019130825,10.91.15.77/8,10
20201019130826,192.168.16.43/16,-
20201019130828,192.168.246.130/16,14
20201019130842,192.168.16.43/16,-
20201019130846,10.65.104.169/8,3
20201019130901,10.60.135.163/8,1
20201019130904,192.168.16.43/16,14
20201019130920,10.185.70.167/8,4
20201019130934,10.185.70.167/8,-
20201019130937,10.60.135.163/8,8
20201019130940,10.91.15.77/8,2
20201019130953,192.168.16.43/16,9
20201019130955,192.168.246.130/16,-
20201019131003,10.185.70.167/8,11
20201019131011,10.240.19.230/8,2
20201019131018,10.70.140.181/8,1
20201019131020,10.65.104.169/8,-
20201019131022,10.65.104.169/8,8
20201019131024,10.175.93.103/8,-
20201019131051,10.240.19.230/8,-
20201019131105,10.185.70.167/8,-
20201019131109,10.240.19.230/8,-
20201019131123,10.70.140.181/8,12
20201019131124,10.185.70.167/8,2
20201019131129,192.168.246.130/16,-
20201019131133,10.175.93.103/8,-
20201019131135,192.168.16.43/16,14
20201019131139,192.168.246.130/16,5
20201019131141,10.70.140.181/8,6
20201019131149,192.168.246.130/16,13
20201019131158,10.70.140.181/8,2
20201019131210,10.65.104.169/8,3
20201019131211,10.60.135.163/8,7
20201019131235,10.60.135.163/8,7
20201019131239,10.91.15.77/8,-
20201019131247,192.168.16.43/16,2
20201019131248,10.240.19.230/8,2
20201019131305,10.91.15.77/8,9
20201019131308,10.60.135.163/8,-
20201019131310,10.240.19.230/8,-
20201019131313,192.168.16.43/16,-
20201019131316,10.240.19.230/8,7
20201019131324,10.74.35.50/8,4
20201019131344,10.175.93.103/8,-
20201019131347,10.74.35.50/8,-
20201019131402,10.74.35.50/8,9
20201019131411,10.70.140.181/8,10
20201019131412,10.175.93.103/8,-
20201019131413,192.168.246.130/16,13
20201019131415,10.185.70.167/8,-
20201019131419,10.91.15.77/8,9
20201019131432,10.70.140.181/8,10
20201019131435,10.65.104.169/8,-
20201019131505,10.91.15.77/8,-
20201019131510,10.60.135.163/8,-
20201019131527,10.70.140.181/8,15
20201019131532,10.185.70.167/8,-
20201019131536,10.70.140.181/8,15
20201019131547,192.168.16.43/16,13
20201019131556,10.91.15.77/8,-
20201019131612,10.240.19.230/8,-
20201019131624,10.70.140.181/8,13
20201019131629,10.175.93.103/8,8
20201019131634,10.185.70.167/8,4
20201019131636,192.168.16.43/16,11
20201019131638,10.70.140.181/8,-
20201019131647,10.185.70.167/8,2
20201019131700,10.175.93.103/8,-
20201019131701,192.168.16.43/16,12
20201019131706,10.91.15.77/8,-
20201019131732,10.185.70.167/8,2
20201019131733,10.70.140.181/8,12
20201019131736,192.168.16.43/16,-
20201019131801,10.91.15.77/8,14
20201019131808,10.60.135.163/8,2
20201019131822,10.175.93.103/8,-
20201019131823,10.91.15.77/8,-
20201019131838,10.60.135.163/8,-
20201019131844,10.74.35.50/8,6
20201019131848,10.65.104.169/8,-
20201019131910,10.74.35.50/8,-
20201019131917,192.168.246.130/16,4
20201019131918,10.60.135.163/8,9
20201019131920,192.168.246.130/16,10
20201019131926,10.70.140.181/8,15
20201019131931,10.91.15.77/8,11
20201019131932,10.74.35.50/8,11
20201019131934,10.91.15.77/8,5
20201019131939,10.74.35.50/8,6
20201019131943,10.60.135.163/8,7
20201019132001,10.74.35.50/8,-
20201019132002,10.74.35.50/8,4
20201019132004,10.74.35.50/8,-
20201019132005,10.175.93.103/8,-
20201019132017,10.185.70.167/8,9
20201019132020,10.70.140.181/8,3
20201019132031,10.175.93.103/8,8
20201019132048,10.175.93.103/8,6
20201019132051,10.70.140.181/8,1
20201019132057,10.240.19.230/8,-
20201019132106,10.185.70.167/8,11
20201019132107,10.74.35.50/8,-
20201019132124,10.185.70.167/8,8
20201019132132,10.185.70.167/8,10
20201019132133,10.70.140.181/8,4
20201019132135,192.168.246.130/16,2
20201019132137,10.65.104.169/8,2
20201019132155,10.60.135.163/8,13
20201019132207,10.175.93.103/8,8
20201019132217,10.240.19.230/8,7
20201019132236,192.168.16.43/16,12
20201019132258,192.168.246.130/16,-
20201019132308,10.185.70.167/8,13
20201019132313,10.185.70.167/8,-
20201019132320,10.185.70.167/8,-
20201019132322,10.70.140.181/8,-
20201019132330,10.60.135.163/8,-
20201019132338,192.168.16.43/16,11
20201019132345,10.91.15.77/8,-
20201019132347,192.168.246.130/16,13
20201019132353,10.175.93.103/8,-
20201019132406,10.185.70.167/8,10
20201019132420,10.70.140.181/8,5
20201019132437,192.168.246.130/16,6
20201019132447,10.74.35.50/8,-
20201019132456,10.240.19.230/8,-
20201019132511,192.168.16.43/16,7
20201019132515,10.185.70.167/8,-
20201019132529,10.175.93.103/8,-
20201019132532,10.65.104.169/8,-
20201019132533,192.168.16.43/16,13
20201019132542,192.168.246.130/16,-
20201019132544,192.168.246.130/16,12
20201019132549,10.70.140.181/8,2
20201019132602,192.168.16.43/16,4
20201019132614,10.60.135.163/8,-
20201019132618,10.175.93.103/8,12
20201019132619,192.168.246.130/16,-
20201019132624,10.70.140.181/8,-
20201019132636,10.240.19.230/8,1
20201019132658,10.65.104.169/8,6
20201019132701,192.168.246.130/16,-
20201019132703,10.74.35.50/8,-
20201019132714,10.60.135.163/8,-
20201019132714,10.70.140.181/8,-
20201019132718,10.175.93.103/8,-
20201019132734,192.168.16.43/16,8
20201019132748,10.91.15.77/8,11
20201019132750,10.70.140.181/8,-
20201019132752,10.65.104.169/8,1
20201019132756,192.168.16.43/16,6
20201019132759,10.70.140.181/8,-
20201019132809,10.91.15.77/8,-
20201019132812,10.91.15.77/8,6
20201019132818,192.168.246.130/16,-
20201019132823,10.65.104.169/8,1
20201019132827,10.240.19.230/8,10
20201019132838,10.240.19.230/8,-
20201019132845,10.60.135.163/8,-
20201019132856,10.74.35.50/8,5
20201019132902,10.175.93.103/8,12
20201019132902,10.74.35.50/8,10
20201019132902,10.91.15.77/8,15
20201019132914,10.65.104.169/8,1
20201019132917,10.91.15.77/8,14
20201019132920,10.240.19.230/8,-
20201019132930,10.185.70.167/8,11
20201019132931,10.91.15.77/8,2
20201019132932,10.60.135.163/8,15
20201019132951,10.240.19.230/8,8
20201019132951,10.74.35.50/8,8
20201019132954,10.74.35.50/8,5
20201019132958,10.60.135.163/8,-
20201019133005,10.240.19.230/8,14
20201019133010,10.65.104.169/8,7
20201019133027,192.168.16.43/16,-
20201019133031,10.185.70.167/8,8
20201019133039,10.175.93.103/8,-
20201019133043,10.65.104.169/8,5
20201019133045,10.240.19.230/8,7
20201019133047,10.65.104.169/8,2
20201019133048,192.168.16.43/16,-
20201019133050,192.168.246.130/16,-
20201019133100,192.168.246.130/16,5
20201019133102,10.74.35.50/8,13
20201019133110,192.168.246.130/16,-
20201019133113,10.175.93.103/8,6
20201019133117,10.74.35.50/8,2
20201019133119,10.185.70.167/8,12
20201019133124,10.175.93.103/8,5
20201019133124,10.65.104.169/8,-
20201019133132,10.65.104.169/8,3
20201019133134,10.91.15.77/8,-
20201019133143,192.168.246.130/16,10
20201019133145,10.60.135.163/8,2
20201019133157,10.240.19.230/8,-
20201019133203,10.65.104.169/8,4
20201019133204,192.168.16.43/16,13
20201019133206,192.168.246.130/16,5
20201019133215,192.168.16.43/16,-
20201019133219,10.74.35.50/8,14
20201019133242,10.60.135.163/8,4
20201019133245,10.60.135.163/8,-
20201019133252,10.175.93.103/8,10
20201019133255,10.74.35.50/8,-
20201019133311,10.65.104.169/8,6
20201019133317,10.60.135.163/8,5
20201019133321,10.60.135.163/8,5
20201019133322,10.60.135.163/8,12
20201019133324,10.185.70.167/8,7
20201019133336,10.65.104.169/8,6
20201019133339,10.175.93.103/8,-
20201019133341,192.168.16.43/16,10
20201019133343,10.65.104.169/8,-
20201019133346,192.168.246.130/16,13
20201019133348,10.91.15.77/8,-
20201019133351,10.65.104.169/8,-
20201019133409,10.65.104.169/8,-
20201019133414,10.60.135.163/8,13
20201019133427,192.168.16.43/16,1
20201019133429,10.175.93.103/8,-
20201019133429,10.74.35.50/8,-
20201019133430,192.168.246.130/16,12
20201019133433,10.65.104.169/8,5
20201019133435,10.91.15.77/8,-
20201019133438,192.168.16.43/16,-
20201019133440,10.185.70.167/8,-
20201019133440,10.74.35.50/8,11
20201019133448,192.168.16.43/16,-
20201019133452,10.60.135.163/8,6
20201019133459,10.74.35.50/8,-
20201019133502,10.175.93.103/8,10
20201019133507,10.65.104.169/8,7
20201019133511,10.240.19.230/8,-
20201019133512,10.175.93.103/8,-
20201019133518,10.70.140.181/8,3
20201019133537,10.185.70.167/8,5
20201019133546,10.175.93.103/8,4
20201019133549,10.91.15.77/8,-
20201019133556,192.168.246.130/16,2
20201019133607,192.168.246.130/16,1
20201019133611,10.70.140.181/8,-
20201019133611,192.168.16.43/16,8
20201019133613,10.185.70.167/8,4
20201019133617,10.91.15.77/8,8
20201019133620,10.175.93.103/8,-
20201019133627,10.60.135.163/8,9
20201019133636,10.175.93.103/8,2
20201019133645,10.91.15.77/8,-
20201019133656,10.74.35.50/8,-
20201019133709,192.168.246.130/16,-
20201019133740,192.168.246.130/16,1
20201019133749,10.60.135.163/8,5
20201019133753,10.74.35.50/8,13
20201019133802,10.70.140.181/8,-
20201019133810,10.70.140.181/8,-
20201019133817,10.185.70.167/8,2
20201019133822,10.70.140.181/8,-
20201019133826,10.65.104.169/8,-
20201019133830,10.185.70.167/8,-
20201019133841,10.60.135.163/8,6
20201019133849,10.91.15.77/8,-
20201019133900,10.70.140.181/8,13
20201019133906,10.185.70.167/8,-
20201019133917,10.185.70.167/8,6
20201019133921,10.185.70.167/8,6
20201019133921,10.74.35.50/8,-
20201019133923,10.70.140.181/8,10
20201019133932,10.70.140.181/8,4
20201019133941,10.65.104.169/8,3
20201019133943,192.168.16.43/16,3
20201019133948,10.185.70.167/8,-
20201019133949,10.60.135.163/8,13
20201019133949,10.70.140.181/8,12
20201019133951,10.70.140.181/8,8
20201019134010,10.74.35.50/8,-
20201019134015,192.168.246.130/16,-
20201019134020,10.185.70.167/8,8
20201019134021,10.175.93.103/8,10
20201019134036,10.74.35.50/8,12
20201019134047,192.168.16.43/16,6
20201019134048,10.240.19.230/8,6
20201019134050,192.168.16.43/16,2
20201019134057,10.70.140.181/8,-
20201019134058,192.168.246.130/16,5
20201019134121,10.91.15.77/8,12
20201019134126,10.70.140.181/8,13
20201019134138,10.60.135.163/8,14
20201019134139,10.74.35.50/8,1
20201019134146,10.185.70.167/8,6
20201019134204,192.168.246.130/16,-
20201019134219,10.91.15.77/8,4
20201019134222,10.65.104.169/8,8
20201019134230,10.65.104.169/8,14
20201019134303,192.168.246.130/16,3
20201019134305,10.91.15.77/8,3
20201019134324,10.240.19.230/8,-
20201019134326,192.168.16.43/16,8
20201019134328,10.74.35.50/8,1
20201019134333,192.168.16.43/16,4
20201019134339,10.65.104.169/8,1
20201019134340,192.168.246.130/16,14
20201019134352,10.91.15.77/8,5
20201019134354,192.168.246.130/16,7
20201019134400,10.240.19.230/8,-
20201019134408,10.65.104.169/8,13
20201019134413,192.168.246.130/16,-
20201019134415,10.91.15.77/8,9
20201019134419,10.185.70.167/8,15
20201019134420,192.168.246.130/16,-
20201019134422,10.175.93.103/8,12
20201019134422,10.185.70.167/8,3
20201019134429,10.240.19.230/8,15
20201019134438,192.168.16.43/16,5
20201019134440,10.60.135.163/8,2
20201019134446,10.60.135.163/8,11
20201019134454,192.168.246.130/16,-
20201019134456,10.175.93.103/8,1
20201019134507,192.168.246.130/16,3
20201019134514,10.240.19.230/8,13
20201019134525,10.240.19.230/8,-
20201019134525,10.91.15.77/8,13
20201019134525,192.168.246.130/16,13
20201019134528,10.74.35.50/8,-
20201019134534,10.70.140.181/8,-
20201019134537,10.65.104.169/8,14
20201019134538,10.185.70.167/8,-
20201019134549,10.240.19.230/8,-
20201019134555,10.65.104.169/8,1
20201019134557,10.185.70.167/8,-
20201019134602,192.168.246.130/16,-
20201019134604,10.65.104.169/8,-
20201019134609,10.91.15.77/8,14
20201019134618,10.70.140.181/8,15
20201019134624,192.168.16.43/16,-
20201019134626,10.185.70.167/8,-
20201019134636,10.60.135.163/8,8
20201019134644,10.240.19.230/8,4
20201019134659,10.175.93.103/8,6
20201019134705,10.65.104.169/8,2
20201019134709,10.175.93.103/8,-
20201019134709,10.70.140.181/8,-
20201019134724,10.91.15.77/8,3
20201019134729,192.168.16.43/16,-
20201019134734,192.168.16.43/16,-
20201019134739,10.70.140.181/8,-
20201019134757,10.91.15.77/8,14
20201019134807,192.168.246.130/16,10
20201019134812,10.60.135.163/8,13
20201019134813,10.65.104.169/8,14
20201019134823,10.65.104.169/8,6
20201019134832,10.70.140.181/8,-
20201019134850,10.74.35.50/8,2
20201019134852,10.65.104.169/8,2
20201019134857,10.65.104.169/8,-
20201019134906,192.168.16.43/16,4
20201019134911,10.65.104.169/8,14
20201019134912,10.91.15.77/8,-
20201019134913,10.91.15.77/8,1
20201019134917,10.70.140.181/8,-
20201019134918,10.74.35.50/8,2
20201019134922,10.175.93.103/8,11
20201019134925,10.185.70.167/8,7
20201019134926,10.91.15.77/8,-
20201019134929,10.60.135.163/8,10
20201019134930,10.240.19.230/8,-
20201019134937,192.168.246.130/16,10
20201019134941,10.91.15.77/8,-
20201019134941,192.168.16.43/16,-
20201019135000,10.60.135.163/8,-
20201019135013,10.70.140.181/8,-
20201019135022,10.60.135.163/8,8
20201019135022,10.70.140.181/8,-
20201019135022,192.168.16.43/16,11
20201019135027,10.91.15.77/8,11
20201019135028,10.185.70.167/8,13
20201019135034,10.65.104.169/8,-
20201019135036,10.60.135.163/8,3
20201019135044,10.91.15.77/8,-
20201019135048,10.91.15.77/8,1
20201019135050,10.175.93.103/8,-
20201019135054,10.70.140.181/8,8
20201019135057,10.65.104.169/8,15
20201019135105,10.91.15.77/8,4
20201019135124,10.175.93.103/8,10
20201019135128,10.175.93.103/8,-
20201019135130,10.74.35.50/8,6
20201019135136,10.60.135.163/8,9
20201019135138,10.240.19.230/8,-
20201019135140,10.74.35.50/8,9
20201019135146,10.70.140.181/8,12
20201019135147,10.175.93.103/8,13
20201019135156,10.60.135.163/8,8
20201019135200,192.168.246.130/16,-
20201019135204,10.185.70.167/8,-
20201019135219,10.70.140.181/8,15
20201019135229,10.65.104.169/8,13
20201019135239,10.60.135.163/8,15
20201019135244,10.65.104.169/8,-
20201019135247,10.175.93.103/8,-
20201019135248,10.74.35.50/8,-
20201019135255,192.168.16.43/16,-
20201019135306,192.168.246.130/16,-
20201019135310,10.65.104.169/8,15
20201019135316,10.60.135.163/8,-
20201019135321,10.240.19.230/8,2
20201019135325,10.185.70.167/8,1
20201019135336,10.185.70.167/8,-
20201019135342,10.185.70.167/8,2
20201019135349,10.74.35.50/8,4
20201019135401,10.60.135.163/8,-
20201019135406,192.168.16.43/16,-
20201019135426,10.240.19.230/8,15
20201019135433,192.168.246.130/16,7
20201019135441,10.70.140.181/8,-
20201019135446,10.74.35.50/8,-
20201019135454,10.91.15.77/8,13
20201019135502,10.175.93.103/8,9
20201019135510,10.65.104.169/8,-
20201019135510,192.168.246.130/16,2
20201019135516,10.74.35.50/8,10
20201019135517,10.185.70.167/8,14
20201019135521,10.60.135.163/8,2
20201019135522,10.74.35.50/8,-
20201019135537,192.168.246.130/16,-
20201019135543,10.70.140.181/8,-
20201019135545,10.175.93.103/8,12
20201019135546,192.168.246.130/16,-
20201019135553,192.168.16.43/16,1
20201019135611,10.91.15.77/8,6
20201019135621,10.91.15.77/8,3
20201019135645,10.74.35.50/8,-
20201019135656,10.91.15.77/8,1
20201019135657,10.185.70.167/8,-
20201019135701,192.168.16.43/16,-
20201019135704,192.168.16.43/16,-
20201019135708,10.185.70.167/8,10
20201019135708,192.168.246.130/16,-
20201019135727,10.70.140.181/8,3
20201019135729,10.185.70.167/8,-
20201019135738,10.175.93.103/8,3
20201019135739,192.168.16.43/16,9
20201019135753,10.185.70.167/8,-
20201019135753,10.91.15.77/8,-
20201019135803,10.240.19.230/8,-
20201019135803,10.240.19.230/8,8
20201019135823,10.74.35.50/8,5
20201019135830,10.74.35.50/8,13
20201019135840,10.91.15.77/8,-
20201019135847,10.185.70.167/8,11
20201019135905,10.70.140.181/8,14
20201019135923,192.168.16.43/16,2
20201019135924,10.60.135.163/8,-
20201019135930,10.240.19.230/8,-
20201019135948,10.60.135.163/8,7
20201019135957,10.70.140.181/8,-
20201019140003,10.60.135.163/8,4
20201019140010,10.175.93.103/8,2
20201019140019,10.240.19.230/8,13
20201019140028,10.185.70.167/8,12
20201019140032,10.74.35.50/8,2
20201019140042,10.65.104.169/8,8
20201019140101,10.240.19.230/8,3
20201019140102,10.185.70.167/8,10
20201019140127,10.175.93.103/8,-
20201019140127,192.168.246.130/16,-
20201019140148,10.240.19.230/8,5
20201019140159,10.240.19.230/8,-
20201019140201,10.91.15.77/8,6
20201019140202,10.74.35.50/8,2
20201019140212,10.240.19.230/8,2
20201019140230,10.65.104.169/8,-
20201019140235,10.74.35.50/8,-
20201019140239,10.91.15.77/8,7
20201019140245,10.60.135.163/8,13
20201019140245,10.91.15.77/8,15
20201019140248,192.168.246.130/16,-
20201019140250,10.74.35.50/8,7
20201019140258,192.168.16.43/16,10
20201019140304,10.185.70.167/8,5
20201019140309,10.60.135.163/8,-
20201019140312,192.168.246.130/16,-
20201019140319,10.65.104.169/8,-
20201019140321,192.168.246.130/16,11
20201019140330,10.65.104.169/8,5
20201019140337,10.240.19.230/8,-
20201019140347,10.60.135.163/8,-
20201019140401,192.168.246.130/16,-
20201019140407,10.185.70.167/8,4
20201019140411,10.60.135.163/8,-
20201019140423,192.168.16.43/16,6
20201019140427,10.240.19.230/8,-
20201019140437,10.175.93.103/8,-
20201019140457,10.175.93.103/8,3
20201019140518,192.168.16.43/16,-
20201019140527,10.60.135.163/8,15
20201019140546,10.91.15.77/8,-
20201019140605,10.60.135.163/8,10
20201019140608,10.91.15.77/8,2
20201019140633,10.74.35.50/8,6
20201019140636,10.74.35.50/8,-
20201019140636,192.168.16.43/16,11
20201019140641,192.168.16.43/16,13
20201019140652,10.175.93.103/8,-
20201019140655,10.185.70.167/8,11
20201019140700,10.185.70.167/8,-
20201019140709,192.168.246.130/16,-
20201019140710,10.175.93.103/8,-
20201019140712,192.168.246.130/16,11
20201019140737,10.74.35.50/8,-
20201019140741,192.168.16.43/16,-
20201019140747,10.74.35.50/8,7
20201019140815,10.175.93.103/8,1
20201019140816,192.168.16.43/16,5
20201019140817,10.240.19.230/8,6
20201019140824,10.74.35.50/8,-
20201019140830,10.185.70.167/8,2
20201019140834,10.240.19.230/8,5
20201019140837,10.175.93.103/8,11
20201019140854,192.168.246.130/16,6
20201019140856,10.185.70.167/8,9
20201019140859,192.168.246.130/16,4
20201019140900,192.168.16.43/16,4
20201019140916,10.74.35.50/8,-
20201019140918,10.91.15.77/8,-
20201019140932,10.70.140.181/8,-
20201019140947,192.168.16.43/16,-
20201019140948,10.70.140.181/8,10
20201019140958,10.70.140.181/8,13
20201019141000,10.60.135.163/8,-
20201019141005,10.175.93.103/8,15
20201019141006,10.60.135.163/8,-
20201019141010,192.168.246.130/16,7
20201019141028,10.60.135.163/8,5
20201019141057,10.65.104.169/8,12
20201019141059,192.168.246.130/16,-
20201019141059,192.168.246.130/16,13
20201019141114,192.168.16.43/16,-
20201019141115,10.91.15.77/8,1
20201019141118,10.175.93.103/8,-
20201019141132,10.65.104.169/8,3
20201019141141,10.175.93.103/8,4
20201019141148,10.175.93.103/8,-
20201019141149,10.70.140.181/8,-
20201019141152,10.60.135.163/8,-
20201019141152,10.70.140.181/8,-
20201019141158,10.185.70.167/8,3
20201019141201,10.60.135.163/8,3
20201019141206,192.168.16.43/16,8
20201019141229,10.60.135.163/8,5
20201019141231,192.168.246.130/16,-
20201019141235,10.91.15.77/8,13
20201019141237,10.74.35.50/8,-
20201019141238,10.175.93.103/8,2
20201019141239,10.185.70.167/8,-
20201019141304,10.74.35.50/8,-
20201019141314,192.168.16.43/16,-
20201019141315,192.168.16.43/16,-
20201019141318,10.74.35.50/8,11
20201019141319,10.91.15.77/8,4
20201019141319,192.168.16.43/16,6
20201019141329,10.60.135.163/8,-
20201019141338,10.60.135.163/8,-
20201019141350,10.175.93.103/8,-
20201019141401,10.240.19.230/8,3
20201019141403,192.168.246.130/16,9
20201019141404,10.65.104.169/8,-
20201019141404,10.74.35.50/8,15
20201019141405,10.175.93.103/8,-
20201019141410,192.168.246.130/16,7
20201019141425,10.60.135.163/8,-
20201019141425,10.70.140.181/8,13
20201019141435,10.240.19.230/8,-
20201019141444,10.70.140.181/8,-
20201019141506,10.175.93.103/8,-
20201019141509,10.240.19.230/8,-
20201019141517,10.240.19.230/8,12
20201019141539,10.91.15.77/8,15
20201019141546,10.175.93.103/8,-
20201019141551,10.65.104.169/8,15
20201019141553,10.60.135.163/8,-
20201019141556,10.70.140.181/8,2
20201019141601,10.185.70.167/8,2
20201019141602,10.240.19.230/8,5
20201019141614,10.65.104.169/8,4
20201019141618,10.185.70.167/8,12
20201019141618,10.185.70.167/8,9
20201019141626,10.240.19.230/8,-
20201019141630,10.185.70.167/8,9
20201019141632,10.185.70.167/8,-
20201019141632,10.70.140.181/8,10
20201019141648,10.65.104.169/8,10
20201019141651,10.70.140.181/8,10
20201019141653,10.65.104.169/8,4
20201019141658,192.168.16.43/16,-
20201019141715,10.91.15.77/8,3
20201019141722,192.168.16.43/16,11
20201019141732,10.65.104.169/8,3
20201019141751,10.91.15.77/8,-
20201019141806,10.240.19.230/8,-
20201019141808,10.70.140.181/8,-
20201019141812,10.70.140.181/8,9
20201019141827,192.168.246.130/16,8
20201019141829,10.60.135.163/8,15
20201019141832,192.168.16.43/16,-
20201019141835,10.74.35.50/8,8
20201019141837,10.74.35.50/8,-
20201019141839,10.70.140.181/8,4
20201019141840,10.240.19.230/8,-
20201019141842,10.70.140.181/8,1
20201019141848,10.240.19.230/8,-
20201019141850,10.240.19.230/8,12
20201019141903,10.70.140.181/8,-
20201019141906,192.168.246.130/16,15
20201019141917,10.70.140.181/8,-
20201019141919,10.91.15.77/8,14
20201019141919,192.168.246.130/16,-
20201019141922,10.240.19.230/8,-
20201019141926,10.240.19.230/8,-
20201019141929,10.175.93.103/8,-
20201019141932,10.60.135.163/8,-
20201019141943,10.175.93.103/8,7
20201019141943,10.91.15.77/8,15
20201019141955,192.168.246.130/16,-
20201019141959,10.60.135.163/8,12
20201019142008,10.60.135.163/8,-
20201019142043,10.240.19.230/8,6
20201019142048,10.175.93.103/8,14
20201019142055,10.240.19.230/8,6
20201019142102,10.74.35.50/8,6
20201019142105,10.74.35.50/8,6
20201019142117,10.175.93.103/8,-
20201019142122,10.70.140.181/8,14
20201019142127,10.240.19.230/8,4
20201019142127,10.65.104.169/8,-
20201019142128,10.175.93.103/8,7
20201019142133,10.74.35.50/8,5
20201019142141,10.175.93.103/8,14
20201019142144,10.65.104.169/8,1
20201019142148,10.185.70.167/8,-
20201019142148,10.60.135.163/8,-
20201019142152,10.70.140.181/8,11
20201019142158,10.74.35.50/8,-
20201019142244,10.70.140.181/8,11
20201019142253,10.70.140.181/8,3
20201019142305,10.70.140.181/8,-
20201019142308,192.168.16.43/16,-
20201019142313,192.168.246.130/16,8
20201019142314,10.65.104.169/8,-
20201019142321,10.175.93.103/8,-
20201019142335,192.168.16.43/16,12
20201019142402,192.168.16.43/16,4
20201019142406,10.175.93.103/8,11
20201019142413,192.168.246.130/16,-
20201019142423,192.168.246.130/16,15
20201019142438,10.185.70.167/8,-
20201019142459,10.70.140.181/8,9
20201019142503,10.185.70.167/8,-
20201019142503,10.185.70.167/8,15
20201019142511,10.185.70.167/8,-
20201019142512,10.240.19.230/8,-
20201019142517,192.168.246.130/16,7
20201019142527,10.240.19.230/8,-
20201019142535,10.70.140.181/8,1
20201019142556,10.175.93.103/8,15
20201019142559,10.91.15.77/8,-
20201019142615,10.65.104.169/8,3
20201019142625,10.91.15.77/8,-
20201019142627,10.185.70.167/8,12
20201019142637,10.185.70.167/8,-
20201019142656,192.168.246.130/16,3
20201019142705,192.168.16.43/16,-
20201019142711,10.74.35.50/8,-
20201019142712,10.185.70.167/8,15
20201019142718,10.60.135.163/8,14
20201019142722,192.168.246.130/16,-
20201019142726,10.60.135.163/8,-
20201019142731,10.240.19.230/8,4
20201019142735,10.74.35.50/8,6
20201019142746,10.60.135.163/8,-
20201019142755,10.185.70.167/8,7
20201019142803,10.91.15.77/8,15
20201019142809,10.91.15.77/8,3
20201019142824,192.168.16.43/16,3
20201019142826,10.74.35.50/8,-
20201019142828,192.168.246.130/16,-
20201019142837,10.240.19.230/8,13
20201019142900,10.240.19.230/8,2
20201019142912,10.185.70.167/8,15
20201019142912,10.91.15.77/8,10
20201019142920,10.74.35.50/8,6
20201019142936,10.240.19.230/8,9
20201019142942,10.240.19.230/8,2
20201019142942,10.74.35.50/8,5
20201019142945,10.74.35.50/8,-
20201019142953,10.60.135.163/8,2
20201019143012,10.91.15.77/8,-
20201019143016,10.70.140.181/8,-
20201019143021,10.70.140.181/8,4
20201019143023,10.185.70.167/8,9
20201019143025,192.168.16.43/16,8
20201019143027,10.91.15.77/8,-
20201019143028,10.65.104.169/8,6
20201019143035,10.60.135.163/8,-
20201019143042,192.168.246.130/16,-
20201019143126,10.60.135.163/8,9
20201019143126,10.74.35.50/8,-
20201019143134,10.74.35.50/8,9
20201019143140,10.70.140.181/8,-
20201019143156,10.185.70.167/8,12
20201019143158,192.168.16.43/16,4
20201019143201,10.240.19.230/8,3
20201019143224,10.91.15.77/8,-
20201019143235,10.240.19.230/8,-
20201019143245,10.175.93.103/8,-
20201019143250,10.91.15.77/8,6
20201019143251,10.60.135.163/8,11
20201019143302,192.168.246.130/16,13
20201019143305,192.168.246.130/16,7
20201019143335,10.65.104.169/8,14
20201019143343,10.185.70.167/8,-
20201019143401,10.74.35.50/8,6
20201019143403,10.175.93.103/8,2
20201019143407,10.60.135.163/8,-
20201019143410,10.60.135.163/8,14
20201019143414,10.70.140.181/8,-
20201019143427,10.60.135.163/8,7
20201019143434,10.60.135.163/8,15
20201019143448,10.91.15.77/8,7
20201019143459,10.91.15.77/8,12
20201019143506,10.185.70.167/8,-
20201019143513,192.168.16.43/16,14
20201019143514,10.65.104.169/8,7
20201019143522,10.65.104.169/8,13
20201019143530,10.65.104.169/8,14
20201019143531,10.70.140.181/8,-
20201019143533,10.74.35.50/8,1
20201019143543,10.240.19.230/8,-
20201019143545,10.65.104.169/8,9
20201019143546,10.60.135.163/8,11
20201019143552,10.240.19.230/8,8
20201019143552,192.168.246.130/16,-
20201019143555,10.240.19.230/8,-
20201019143556,10.91.15.77/8,-
20201019143559,10.175.93.103/8,6
20201019143616,10.65.104.169/8,-
20201019143619,10.91.15.77/8,11
20201019143624,10.240.19.230/8,-
20201019143631,10.185.70.167/8,10
20201019143633,10.74.35.50/8,13
20201019143634,10.60.135.163/8,-
20201019143637,10.240.19.230/8,9
20201019143646,10.65.104.169/8,8
20201019143703,10.240.19.230/8,-
20201019143710,10.70.140.181/8,13
20201019143721,192.168.16.43/16,15
20201019143723,10.70.140.181/8,4
20201019143725,192.168.246.130/16,12
20201019143739,10.60.135.163/8,14
20201019143742,10.70.140.181/8,-
20201019143748,10.65.104.169/8,6
20201019143757,10.175.93.103/8,7
20201019143801,192.168.16.43/16,11
20201019143810,10.175.93.103/8,-
20201019143824,192.168.16.43/16,11
20201019143830,10.65.104.169/8,8
20201019143842,10.91.15.77/8,-
20201019143913,10.240.19.230/8,9
20201019143922,10.91.15.77/8,-
20201019143923,10.91.15.77/8,-
20201019143935,10.60.135.163/8,-
20201019143935,10.60.135.163/8,15
20201019143940,10.185.70.167/8,-
20201019143945,10.70.140.181/8,7
20201019144000,10.185.70.167/8,14
20201019144015,10.70.140.181/8,-
20201019144037,10.175.93.103/8,13
20201019144049,10.60.135.163/8,13
20201019144049,10.65.104.169/8,5
20201019144059,10.65.104.169/8,-
20201019144100,192.168.16.43/16,-
20201019144108,192.168.16.43/16,-
20201019144108,192.168.246.130/16,-
20201019144112,10.65.104.169/8,1
20201019144128,10.65.104.169/8,-
20201019144139,10.74.35.50/8,8
20201019144150,10.240.19.230/8,1
20201019144154,192.168.16.43/16,12
20201019144213,10.175.93.103/8,-
20201019144213,10.175.93.103/8,-
20201019144214,10.175.93.103/8,-
20201019144214,192.168.246.130/16,15
20201019144216,10.74.35.50/8,15
20201019144225,10.65.104.169/8,-
20201019144226,10.185.70.167/8,13
20201019144226,192.168.16.43/16,-
20201019144228,10.240.19.230/8,-
20201019144303,10.65.104.169/8,6
20201019144304,10.185.70.167/8,10
20201019144305,10.175.93.103/8,-
20201019144308,10.175.93.103/8,-
20201019144314,10.65.104.169/8,-
20201019144318,10.70.140.181/8,-
20201019144320,192.168.16.43/16,10
20201019144334,192.168.246.130/16,-
20201019144336,10.175.93.103/8,7
20201019144343,192.168.16.43/16,-
20201019144348,10.60.135.163/8,3
20201019144351,10.185.70.167/8,-
20201019144358,192.168.16.43/16,8
20201019144401,192.168.246.130/16,4
20201019144403,10.175.93.103/8,-
20201019144404,192.168.16.43/16,7
20201019144418,10.185.70.167/8,-
20201019144423,10.70.140.181/8,2
20201019144442,10.60.135.163/8,2
20201019144450,192.168.16.43/16,12
20201019144459,10.65.104.169/8,-
20201019144506,10.175.93.103/8,-
20201019144506,192.168.246.130/16,7
20201019144518,192.168.16.43/16,-
20201019144519,10.185.70.167/8,-
20201019144519,10.185.70.167/8,9
20201019144528,10.185.70.167/8,2
20201019144532,192.168.16.43/16,10
20201019144538,10.91.15.77/8,-
20201019144541,10.240.19.230/8,15
20201019144541,10.91.15.77/8,3
20201019144543,10.65.104.169/8,-
20201019144545,10.91.15.77/8,13
20201019144555,10.65.104.169/8,4
20201019144602,10.240.19.230/8,3
20201019144602,10.60.135.163/8,7
20201019144613,192.168.246.130/16,-
20201019144615,192.168.246.130/16,10
20201019144616,10.60.135.163/8,-
20201019144656,10.185.70.167/8,-
20201019144659,10.185.70.167/8,-
20201019144706,192.168.16.43/16,1
20201019144710,10.185.70.167/8,-
20201019144716,10.91.15.77/8,4
20201019144722,192.168.16.43/16,-
20201019144727,10.185.70.167/8,5
20201019144730,10.185.70.167/8,7
20201019144739,10.74.35.50/8,11
20201019144741,192.168.246.130/16,11
20201019144750,10.70.140.181/8,2
20201019144756,10.60.135.163/8,8
20201019144805,10.240.19.230/8,-
20201019144822,192.168.246.130/16,2
20201019144823,10.185.70.167/8,-
20201019144824,10.65.104.169/8,1
20201019144839,10.74.35.50/8,-
20201019144856,10.91.15.77/8,-
20201019144856,192.168.246.130/16,10
20201019144902,10.70.140.181/8,8
20201019144925,10.74.35.50/8,14
20201019144928,10.74.35.50/8,-
20201019144932,10.185.70.167/8,-
20201019144932,10.185.70.167/8,2
20201019144935,10.70.140.181/8,9
20201019144939,10.175.93.103/8,-
20201019144942,10.185.70.167/8,15
20201019144956,10.175.93.103/8,-
20201019145000,10.60.135.163/8,7
20201019145001,192.168.246.130/16,-
20201019145012,10.70.140.181/8,6
20201019145047,10.175.93.103/8,-
20201019145054,10.185.70.167/8,-
20201019145109,10.65.104.169/8,-
20201019145116,192.168.246.130/16,-
20201019145123,10.60.135.163/8,-
20201019145124,10.65.104.169/8,13
20201019145133,10.91.15.77/8,4
20201019145151,10.91.15.77/8,12
20201019145157,10.65.104.169/8,9
20201019145220,10.70.140.181/8,6
20201019145222,10.91.15.77/8,-
20201019145226,10.74.35.50/8,-
20201019145232,10.60.135.163/8,-
20201019145234,10.74.35.50/8,12
20201019145239,10.70.140.181/8,-
20201019145245,10.60.135.163/8,-
20201019145248,10.70.140.181/8,1
20201019145259,192.168.246.130/16,-
20201019145303,10.240.19.230/8,15
20201019145305,10.91.15.77/8,8
20201019145324,10.60.135.163/8,2
20201019145326,10.175.93.103/8,-
20201019145328,10.91.15.77/8,7
20201019145336,10.70.140.181/8,14
20201019145355,10.74.35.50/8,14
20201019145355,10.91.15.77/8,-
20201019145400,10.240.19.230/8,11
20201019145401,10.74.35.50/8,10
20201019145402,10.240.19.230/8,-
20201019145417,192.168.16.43/16,9
20201019145438,10.240.19.230/8,2
20201019145447,10.60.135.163/8,-
20201019145500,10.65.104.169/8,9
20201019145513,10.74.35.50/8,-
20201019145526,10.60.135.163/8,-
20201019145545,10.175.93.103/8,6
20201019145551,10.185.70.167/8,10
20201019145551,10.65.104.169/8,-
20201019145609,10.74.35.50/8,-
20201019145611,10.70.140.181/8,-
20201019145616,192.168.246.130/16,-
20201019145633,10.70.140.181/8,-
20201019145633,192.168.246.130/16,11
20201019145638,192.168.246.130/16,6
20201019145641,192.168.246.130/16,14
20201019145643,10.60.135.163/8,-
20201019145646,192.168.16.43/16,2
20201019145656,10.175.93.103/8,15
20201019145657,192.168.246.130/16,4
20201019145706,10.65.104.169/8,-
20201019145744,192.168.246.130/16,15
20201019145755,192.168.16.43/16,1
20201019145757,10.185.70.167/8,3
20201019145757,10.91.15.77/8,-
20201019145805,192.168.16.43/16,9
20201019145807,10.91.15.77/8,11
20201019145827,192.168.16.43/16,-
20201019145831,192.168.246.130/16,1
20201019145838,10.91.15.77/8,10
20201019145839,10.185.70.167/8,8
20201019145848,10.240.19.230/8,8
20201019145851,10.175.93.103/8,-
20201019145903,10.74.35.50/8,12
20201019145905,10.175.93.103/8,12
20201019145912,10.91.15.77/8,5
20201019145932,10.60.135.163/8,14
20201019145932,192.168.16.43/16,-
20201019145933,192.168.246.130/16,8
20201019145940,10.240.19.230/8,-
20201019145946,10.175.93.103/8,2
20201019145951,10.240.19.230/8,7
20201019145952,192.168.16.43/16,11
