10.65.104.169/8,2020-10-19 13:00:16,2020-10-19 13:12:10
10.91.15.77/8,2020-10-19 13:00:33,2020-10-19 13:14:19
10.185.70.167/8,2020-10-19 13:00:21,2020-10-19 13:16:47
192.168.246.130/16,2020-10-19 13:07:24,2020-10-19 13:19:17
10.91.15.77/8,2020-10-19 13:08:25,2020-10-19 13:19:34
10.74.35.50/8,2020-10-19 13:01:27,2020-10-19 13:19:39
10.60.135.163/8,2020-10-19 13:09:37,2020-10-19 13:19:43
10.175.93.103/8,2020-10-19 13:01:46,2020-10-19 13:22:07
192.168.16.43/16,2020-10-19 13:12:47,2020-10-19 13:23:38
10.65.104.169/8,2020-10-19 13:03:19,2020-10-19 13:27:52
10.65.104.169/8,2020-10-19 13:05:41,2020-10-19 13:28:23
10.74.35.50/8,2020-10-19 13:06:23,2020-10-19 13:29:02
10.91.15.77/8,2020-10-19 13:09:40,2020-10-19 13:29:02
10.240.19.230/8,2020-10-19 13:01:44,2020-10-19 13:30:05
10.185.70.167/8,2020-10-19 13:21:24,2020-10-19 13:30:31
10.175.93.103/8,2020-10-19 13:03:44,2020-10-19 13:31:24
192.168.246.130/16,2020-10-19 13:19:20,2020-10-19 13:32:06
10.60.135.163/8,2020-10-19 13:12:35,2020-10-19 13:32:42
192.168.16.43/16,2020-10-19 13:26:02,2020-10-19 13:34:27
10.70.140.181/8,2020-10-19 13:20:51,2020-10-19 13:39:23
10.70.140.181/8,2020-10-19 13:21:33,2020-10-19 13:39:32
192.168.16.43/16,2020-10-19 13:27:34,2020-10-19 13:39:43
10.175.93.103/8,2020-10-19 13:22:07,2020-10-19 13:40:21
10.74.35.50/8,2020-10-19 13:31:02,2020-10-19 13:41:39
10.91.15.77/8,2020-10-19 13:29:02,2020-10-19 13:42:19
10.65.104.169/8,2020-10-19 13:33:11,2020-10-19 13:42:22
10.91.15.77/8,2020-10-19 13:29:17,2020-10-19 13:43:05
10.74.35.50/8,2020-10-19 13:31:17,2020-10-19 13:43:28
192.168.246.130/16,2020-10-19 13:34:30,2020-10-19 13:43:40
10.175.93.103/8,2020-10-19 13:31:24,2020-10-19 13:44:22
10.240.19.230/8,2020-10-19 13:28:27,2020-10-19 13:45:14
10.74.35.50/8,2020-10-19 13:32:19,2020-10-19 13:49:18
10.185.70.167/8,2020-10-19 13:41:46,2020-10-19 13:50:28
10.70.140.181/8,2020-10-19 13:39:32,2020-10-19 13:51:46
10.240.19.230/8,2020-10-19 13:30:05,2020-10-19 13:54:26
192.168.246.130/16,2020-10-19 13:43:54,2020-10-19 13:55:10
10.185.70.167/8,2020-10-19 13:44:19,2020-10-19 13:55:17
10.175.93.103/8,2020-10-19 13:44:22,2020-10-19 13:55:45
10.175.93.103/8,2020-10-19 13:44:56,2020-10-19 13:57:38
10.74.35.50/8,2020-10-19 13:49:18,2020-10-19 13:58:30
10.70.140.181/8,2020-10-19 13:39:51,2020-10-19 13:59:05
192.168.16.43/16,2020-10-19 13:43:26,2020-10-19 13:59:23
10.60.135.163/8,2020-10-19 13:51:36,2020-10-19 14:00:03
10.185.70.167/8,2020-10-19 13:44:22,2020-10-19 14:00:28
10.240.19.230/8,2020-10-19 13:30:45,2020-10-19 14:01:01
10.91.15.77/8,2020-10-19 13:56:11,2020-10-19 14:02:39
10.60.135.163/8,2020-10-19 13:51:56,2020-10-19 14:02:45
192.168.16.43/16,2020-10-19 13:43:33,2020-10-19 14:02:58
10.60.135.163/8,2020-10-19 13:52:39,2020-10-19 14:06:05
10.74.35.50/8,2020-10-19 13:58:30,2020-10-19 14:06:33
10.240.19.230/8,2020-10-19 13:54:26,2020-10-19 14:08:34
10.175.93.103/8,2020-10-19 13:55:45,2020-10-19 14:08:37
192.168.246.130/16,2020-10-19 13:45:25,2020-10-19 14:08:54
192.168.246.130/16,2020-10-19 13:49:37,2020-10-19 14:08:59
10.70.140.181/8,2020-10-19 13:51:46,2020-10-19 14:09:58
10.65.104.169/8,2020-10-19 13:48:23,2020-10-19 14:10:57
10.65.104.169/8,2020-10-19 13:48:52,2020-10-19 14:11:32
10.60.135.163/8,2020-10-19 14:00:03,2020-10-19 14:12:29
10.91.15.77/8,2020-10-19 13:56:56,2020-10-19 14:12:35
10.240.19.230/8,2020-10-19 14:01:01,2020-10-19 14:14:01
10.74.35.50/8,2020-10-19 14:00:32,2020-10-19 14:14:04
10.65.104.169/8,2020-10-19 13:52:29,2020-10-19 14:16:14
10.185.70.167/8,2020-10-19 14:06:55,2020-10-19 14:16:18
10.70.140.181/8,2020-10-19 13:52:19,2020-10-19 14:16:32
192.168.246.130/16,2020-10-19 14:08:59,2020-10-19 14:18:27
10.74.35.50/8,2020-10-19 14:02:02,2020-10-19 14:18:35
10.175.93.103/8,2020-10-19 14:00:10,2020-10-19 14:20:48
10.240.19.230/8,2020-10-19 14:08:34,2020-10-19 14:20:55
192.168.16.43/16,2020-10-19 14:04:23,2020-10-19 14:24:02
192.168.246.130/16,2020-10-19 14:14:10,2020-10-19 14:25:17
10.175.93.103/8,2020-10-19 14:10:05,2020-10-19 14:25:56
10.185.70.167/8,2020-10-19 14:16:18,2020-10-19 14:27:55
10.91.15.77/8,2020-10-19 14:15:39,2020-10-19 14:28:09
10.240.19.230/8,2020-10-19 14:16:02,2020-10-19 14:28:37
10.185.70.167/8,2020-10-19 14:16:18,2020-10-19 14:29:12
10.74.35.50/8,2020-10-19 14:18:35,2020-10-19 14:29:42
192.168.16.43/16,2020-10-19 14:06:41,2020-10-19 14:30:25
10.65.104.169/8,2020-10-19 14:16:48,2020-10-19 14:30:28
192.168.16.43/16,2020-10-19 14:09:00,2020-10-19 14:31:58
10.60.135.163/8,2020-10-19 14:02:45,2020-10-19 14:32:51
192.168.246.130/16,2020-10-19 14:19:06,2020-10-19 14:33:05
10.65.104.169/8,2020-10-19 14:16:53,2020-10-19 14:33:35
10.74.35.50/8,2020-10-19 14:21:05,2020-10-19 14:34:01
10.60.135.163/8,2020-10-19 14:06:05,2020-10-19 14:34:27
10.91.15.77/8,2020-10-19 14:19:43,2020-10-19 14:34:48
10.175.93.103/8,2020-10-19 14:20:48,2020-10-19 14:35:59
10.70.140.181/8,2020-10-19 14:22:44,2020-10-19 14:37:23
10.175.93.103/8,2020-10-19 14:21:41,2020-10-19 14:37:57
10.60.135.163/8,2020-10-19 14:34:27,2020-10-19 14:40:49
10.74.35.50/8,2020-10-19 14:34:01,2020-10-19 14:41:39
10.240.19.230/8,2020-10-19 14:29:36,2020-10-19 14:41:50
10.185.70.167/8,2020-10-19 14:29:12,2020-10-19 14:42:26
192.168.16.43/16,2020-10-19 14:37:21,2020-10-19 14:44:04
192.168.246.130/16,2020-10-19 14:25:17,2020-10-19 14:45:06
10.91.15.77/8,2020-10-19 14:29:12,2020-10-19 14:45:45
10.240.19.230/8,2020-10-19 14:29:42,2020-10-19 14:46:02
10.91.15.77/8,2020-10-19 14:34:48,2020-10-19 14:47:16
10.74.35.50/8,2020-10-19 14:36:33,2020-10-19 14:47:39
192.168.246.130/16,2020-10-19 14:26:56,2020-10-19 14:47:41
10.70.140.181/8,2020-10-19 14:22:53,2020-10-19 14:47:50
10.65.104.169/8,2020-10-19 14:37:48,2020-10-19 14:48:24
10.70.140.181/8,2020-10-19 14:25:35,2020-10-19 14:49:02
10.91.15.77/8,2020-10-19 14:34:59,2020-10-19 14:51:51
10.65.104.169/8,2020-10-19 14:38:30,2020-10-19 14:51:57
10.74.35.50/8,2020-10-19 14:41:39,2020-10-19 14:53:55
10.240.19.230/8,2020-10-19 14:32:01,2020-10-19 14:54:00
10.65.104.169/8,2020-10-19 14:40:49,2020-10-19 14:55:00
192.168.246.130/16,2020-10-19 14:47:41,2020-10-19 14:56:38
192.168.16.43/16,2020-10-19 14:44:04,2020-10-19 14:56:46
10.175.93.103/8,2020-10-19 14:25:56,2020-10-19 14:56:56
10.185.70.167/8,2020-10-19 14:45:28,2020-10-19 14:57:57
10.91.15.77/8,2020-10-19 14:47:16,2020-10-19 14:58:38
10.240.19.230/8,2020-10-19 14:41:50,2020-10-19 14:58:48
10.175.93.103/8,2020-10-19 14:35:59,2020-10-19 14:59:46
